Description,Name,Rate,Stars,Reviews,Price,Offers Video Consultation
I will design clean and responsive wordpress website,Bilal Gilani,Fiverrâ€™s,4.9,680,From US$90,Offers video consultations
"I will do website development, build custom website design as full stack web developer",Parvej,Level 2,5.0,83,From US$80,Not found
"I will build squarespace website professionally, develop squarespace website",Tanvir Rahman,Level 2,4.9,94,From US$85,Not found
I will create website design build website development as full stack website developer,Fakhar,Level 1,5.0,423,From US$280,Not found
I will create a clean and modern wordpress website,Yanislav K.,Pro,5.0,637,From US$495,Not found
"I will be your shopify developer, expert in design, clone, bug fix and liquid coding",Zeeshanijaz,Level 2,5.0,107,From US$85,Offers video consultations
"I will build website, website development, full stack developer, front end developer",Ismail,Level 2,5.0,285,From US$80,Offers video consultations
"I will do website development as full stack web developer, backend frontend developer",Abdullah Maruf,Level 2,5.0,91,From US$100,Offers video consultations
Our agency will build or rebuild website development full stack developer create custom website,Web Chrome,Level 2,4.9,421,From US$100,Offers video consultations
"Our agency will build dokan multi vendor marketplace, add new feature or fix error",WPREVIVAL,Level 2,4.8,208,From US$80,Not found
"I will design, redesign, copy clone or duplicate wordpress website using elementor pro",MD MEHEDI HASAN,Level 1,5.0,14,From US$80,Not found
"I will design shopify ecommerce website, build shopify online store",Zubair M.,Level 2,5.0,281,From US$100,Offers video consultations
I will design wix website and redesign a business wix website,Ehsan U,Top Rated,5.0,1k+,From US$80,Not found
"I will do website development, develop custom website as full stack web developer",Saiful,Level 2,5.0,247,From US$100,Offers video consultations
"I will develop or design webflow website, figma to webflow, webflow expert",Mahamudul Hasan,Level 2,4.9,241,From US$120,Not found
I will create wordpress website design development and woocommerce website,Abdul Rehmman,Level 2,5.0,48,From US$80,Not found
"I will build, design website, redesign, clone, wordpress website development",Pinky Akter,Level 2,4.9,217,From US$90,Not found
"I will develop squarespace website, design or redesign squarespace website",Akibur Rahman,Pro,4.8,19,From US$295,Not found
Our agency will create responsive wordpress website or wordpress design,Worshipbd,Top Rated,4.9,763,From US$95,Offers video consultations
Our agency will create stunning shopify dropshipping store shopify website,Webfilaments,Level 2,4.9,880,From US$120,Offers video consultations
"I will design, redesign shopify store, shopify dropshipping store, shopify website",Mostafiz,Level 1,5.0,40,From US$80,Not found
"I will build, design, redesign, ecommerce website,wordpress business website develoment",Ali SMITHSON,Level 2,5.0,25,From US$80,Not found
"I will design, redesign, build, copy clone or revamp wordpress website development",Shohan,Level 2,5.0,68,From US$80,Not found
"I will do website development as full stack web developer, front end, backend developer",Arif Mahamud,Level 2,4.9,123,From US$85,Not found
"I will build, rebuild full stack website development front end, backend, custom website",Mohin Uddin,Level 2,5.0,114,From US$100,Offers video consultations
"I will be your webflow expert, design or develop webflow website, figma to webflow",Rabiul Auaul,Level 2,5.0,171,From US$85,Not found
"I will build website as full stack developer, website developer, front end developer",Abu Saied,Top Rated,4.9,54,From US$100,Not found
I will build a professional and responsive wordpress website,Maruf Ahmed,Top Rated,5.0,192,From US$125,Not found
I will build a professional and responsive squarespace website,David Narciso,Level 2,5.0,215,From US$160,Offers video consultations
I will create autopilot amazon affiliate website store with clickbank and autoblog,Sahil J.,Top Rated,4.9,681,From US$100,Not found
I will do divi wordpress website or divi theme customization,Tanmay,Level 2,5.0,158,From US$80,Offers video consultations
"I will design, redesign, update or fix webflow website, convert your figma to webflow",Atikur Rahman,Level 2,4.9,366,From US$120,Not found
"I will design, develop or redesign your business wix website",Fiaz Tariq,Top Rated,4.9,1k+,From US$160,Not found
"I will do custom ai software, full stack web application developer, PHP laravel website",Ariful,Level 2,5.0,127,From US$80,Offers video consultations
"I will convert sketch, PSD, xd, figma to wordpress using elementor or elementor pro",Darshan,Pro,4.9,165,From US$125,Offers video consultations
I will design your website xxxhighendxxx,Gleniis,Level 1,4.9,385,From US$100,Not found
"I will build custom website as full stack website developer, website development",Sahinur,Level 1,5.0,155,From US$80,Not found
"I will design responsive framer website, figma to framer or saas landing page",M Aamir,Level 1,4.9,83,From US$80,Not found
I will design or redesign wordpress website development tailored to your needs,Chloe E,Not found,4.8,21,From US$80,Not found
I will develop wordpress membership websites,Sam,Level 2,5.0,24,From US$80,Not found
I will set up and design a branded shopify store,Hugo C,Top Rated,4.9,431,From US$150,Offers video consultations
"I will fix and develop php laravel, vuejs, reactjs websites",Amish Sohail,Level 2,5.0,429,From US$100,Not found
I will be full stack web developer software developer PHP laravel html react nodejs,Torikul Islam,Level 2,5.0,118,From US$120,Not found
"I will develop webflow website , webflow expert, figma to webflow",Mustafa,Top Rated,4.9,574,From US$120,Not found
